id,x,y,r,b
1,2093.0,77.0,7.214129635032196,142.91489361702128
2,2079.5,74.5,8.767658610677394,130.61052631578949
3,753.5,1166.5,7.091753098990329,120.01675977653632
4,1573.0,631.0,14.953684998825974,112.53907284768212
5,1434.5,984.5,7.247146419131151,108.87096774193549
6,1211.5,808.0,7.7665773305767285,103.74056603773585
7,997.5,453.5,8.205031439785696,96.30084745762711
8,1672.0,666.0,8.320600954556976,95.70661157024794
9,801.5,1233.5,9.13220620552083,90.56013745704468
10,1171.0,572.5,8.82194803724987,90.39852398523985
11,301.0,1066.0,10.47175991848151,83.74933333333333
12,890.0,558.5,9.957586532199999,81.75852272727273
13,1262.5,913.5,14.002817212590296,77.98947368421054
14,1154.0,42.5,9.82078894558317,74.75075075075075
15,1757.5,1194.0,9.82078894558317,74.11746987951808
16,1262.0,271.0,9.788323438736636,74.03636363636363
17,804.0,140.0,12.859315140102884,65.4517857142857
18,1109.5,57.5,9.557977680176279,62.926984126984124
19,1132.5,684.5,10.54747861914092,60.97905759162304
20,488.5,273.0,10.37249929043725,60.68834688346883
21,124.5,220.0,9.465951244367208,57.85436893203884
22,1539.0,111.5,10.280023453913834,57.50552486187845
23,1208.5,835.5,9.09728368293446,54.29965156794425
24,649.0,404.0,10.793582275744573,53.84422110552764
25,1028.5,1077.5,10.076748170547344,53.475644699140396
26,1951.0,1178.5,1.7841241161527712,52.875
27,1059.0,1158.0,1.4927053303604616,52.83333333333333
28,1994.5,1190.5,11.070199012698888,52.381294964028775
29,1983.0,335.0,1.4927053303604616,51.666666666666664
30,844.5,869.0,12.939513133525306,51.640350877192986
31,759.0,342.0,10.585134856802455,51.284595300261095
32,1290.0,461.0,10.585134856802455,51.10704960835509
33,547.0,475.5,10.49453289192004,50.94960212201591
34,1572.0,83.0,11.65840132267193,50.308026030368765
35,1619.0,875.0,1.4927053303604616,50.25
36,1403.5,80.5,2.111004122822376,50.19047619047619
37,394.5,242.5,2.111004122822376,49.42857142857142
38,463.5,7.5,5.570925767134184,49.42735042735043
39,784.0,741.0,11.733244469220331,49.38888888888889
40,141.5,544.5,2.111004122822376,49.38095238095238
41,1421.0,18.5,11.40305171899516,49.144796380090504
42,1357.5,978.5,2.111004122822376,49.14285714285714
43,97.0,704.0,1.4927053303604616,48.666666666666664
44,1750.0,805.5,1.7841241161527712,48.625
45,970.0,1241.0,1.5957691216057308,48.42857142857142
46,1292.5,418.5,2.111004122822376,48.14285714285714
47,1439.5,461.5,7.203090409536582,48.09239130434783
48,1786.5,876.5,8.965112729988794,48.07168458781362
49,546.0,947.0,1.4927053303604616,48.0
50,386.5,319.5,2.111004122822376,47.95238095238095
51,468.5,803.5,2.111004122822376,47.904761904761905
52,1022.5,892.0,2.2917489221187703,47.83333333333333
53,37.0,520.0,1.4927053303604616,47.83333333333333
54,1021.5,178.5,2.111004122822376,47.76190476190476
55,393.5,582.5,2.111004122822376,47.71428571428571
56,614.5,514.5,2.111004122822376,47.666666666666664
57,775.5,529.5,2.111004122822376,47.57142857142857
58,977.5,728.5,1.8712051592547776,47.529411764705884
59,1395.5,1057.0,1.7841241161527712,47.5
60,228.0,1164.0,2.5231325220201604,47.46428571428571
61,1253.0,696.5,1.7841241161527712,47.4375
62,763.5,100.5,1.8712051592547776,47.411764705882355
63,215.5,1089.5,9.901487006738307,47.35311572700297
64,523.5,925.0,1.7841241161527712,47.25
65,773.0,580.5,8.42514715711158,47.20161290322581
66,924.5,302.5,2.111004122822376,47.19047619047619
67,1290.0,677.5,1.7841241161527712,47.0625
68,1269.5,176.5,1.9947114020071635,47.0
69,1718.5,730.5,2.111004122822376,46.904761904761905
70,1989.0,287.0,1.4927053303604616,46.75
71,1913.5,331.5,1.9947114020071635,46.73684210526316
72,1390.5,947.5,2.111004122822376,46.666666666666664
73,37.5,779.5,2.7925959628100285,46.57575757575758
74,158.5,159.5,2.111004122822376,46.52380952380952
75,1816.5,113.5,2.111004122822376,46.52380952380952
76,482.0,492.0,10.456550382613385,46.513368983957214
77,185.5,1213.5,6.944346460023743,46.44186046511628
78,82.0,763.0,1.4927053303604616,46.33333333333333
79,1373.0,1153.5,10.793582275744573,46.31658291457286
80,735.0,6.0,3.805666803775979,46.30508474576271
81,174.5,946.5,4.222008245644752,46.26086956521739
82,525.0,1057.0,2.5231325220201604,46.14285714285714
83,27.0,230.0,10.441318691523035,46.103448275862064
84,1104.5,1028.5,2.111004122822376,46.047619047619044
85,21.0,451.0,1.4927053303604616,46.0
86,1468.0,739.5,1.7841241161527712,45.9375
87,569.0,836.0,1.4927053303604616,45.916666666666664
88,161.5,184.5,9.313401311287029,45.85333333333334
89,138.5,820.5,5.917270272703197,45.765625
90,711.5,968.5,2.111004122822376,45.76190476190476
91,657.5,468.5,1.8712051592547776,45.588235294117645
92,411.0,651.5,1.7841241161527712,45.3125
93,328.5,143.0,1.7841241161527712,45.3125
94,489.5,1220.5,10.053028840272644,45.20461095100864
95,240.5,1082.0,1.7841241161527712,45.1875
96,1537.5,1112.5,10.318655771391834,45.17391304347826
97,151.5,882.0,5.711984185363134,45.166666666666664
98,1140.0,1167.5,1.7841241161527712,45.125
99,413.0,1027.5,1.7841241161527712,45.125
100,906.5,960.5,1.8712051592547776,45.11764705882353
101,1796.5,612.5,1.8712051592547776,45.0
102,1177.5,381.0,2.6462837142006137,45.0
103,89.0,41.0,1.4927053303604616,45.0
104,498.5,1016.5,5.903806614136771,44.99212598425197
105,1984.5,635.0,7.312732791431452,44.94210526315789
106,258.0,1160.5,5.670035141386943,44.940677966101696
107,118.5,901.5,4.737177110469614,44.90588235294118
108,205.0,1184.5,8.097643889049511,44.904347826086955
109,607.0,1231.5,6.770275002573076,44.890243902439025
110,964.5,614.0,5.970821321441846,44.88461538461539
111,1940.5,864.0,1.7841241161527712,44.875
112,1872.5,399.5,9.201653640780462,44.85665529010239
113,278.5,881.0,7.797255174810172,44.836448598130836
114,102.5,911.5,6.5187705746970455,44.82692307692307
115,38.0,302.0,6.457444935117649,44.81333333333334
116,377.5,1146.0,10.49453289192004,44.77777777777778
117,1380.0,1109.0,12.309163489997376,44.7678916827853
118,404.5,1045.5,7.19203423968949,44.766304347826086
119,1869.0,701.5,1.7841241161527712,44.75
120,795.5,661.5,2.111004122822376,44.714285714285715
121,570.0,570.0,8.42514715711158,44.70967741935484
122,2013.5,1209.5,8.947342419692195,44.70863309352518
123,2096.0,387.0,3.3377905890622728,44.702127659574465
124,1912.5,983.0,10.387831891992912,44.666666666666664
125,587.0,387.5,8.33015937350939,44.603305785123965
126,496.5,446.5,1.8712051592547776,44.588235294117645
127,184.0,956.5,4.259537945889915,44.58571428571428
128,33.5,683.0,3.3138634663094946,44.57777777777778
129,1997.0,390.5,1.7841241161527712,44.5625
130,630.5,1220.5,9.909520668917313,44.53550295857988
131,1396.5,722.5,1.8712051592547776,44.529411764705884
132,1985.5,665.5,10.076748170547344,44.51862464183381
133,1851.5,950.5,8.462843753216344,44.51792828685259
134,78.5,150.5,3.141274657157109,44.51219512195122
135,1640.5,275.0,1.7841241161527712,44.5
136,713.5,86.5,8.929536745489072,44.458483754512635
137,878.0,642.0,2.4266711549775604,44.42307692307693
138,492.5,377.5,8.175883811466258,44.42307692307693
139,1670.5,313.0,2.2917489221187703,44.416666666666664
140,1551.5,585.5,10.068847935565287,44.410919540229884
141,1733.0,939.0,5.201570947860099,44.40594059405941
142,2069.0,980.5,1.7841241161527712,44.375
143,332.0,380.5,2.393653682408596,44.34615384615385
144,18.5,711.5,2.111004122822376,44.33333333333333
145,554.0,71.0,1.4927053303604616,44.33333333333333
146,60.0,424.0,4.51351666838205,44.32051282051282
147,90.0,983.0,2.7057581899030048,44.3125
148,116.0,110.0,5.499039842323396,44.30357142857142
149,1929.5,1061.5,1.8712051592547776,44.11764705882353
150,815.5,682.5,1.8712051592547776,44.11764705882353
151,922.5,363.5,7.19203423968949,44.076086956521735
152,241.5,1014.0,3.385137501286538,44.06382978723404
153,1279.5,654.5,7.1698707532759745,44.032786885245905
154,1955.5,55.5,8.79484521425256,44.02230483271375
155,109.0,518.5,8.339706837243037,43.98765432098766
156,649.5,1208.5,5.970821321441846,43.98461538461539
157,189.0,1006.5,3.9088200952233594,43.983333333333334
158,622.5,417.0,1.7841241161527712,43.9375
159,1285.0,975.5,7.978845608028654,43.92410714285714
160,580.0,769.0,6.6755811781245455,43.806250000000006
161,333.0,190.0,6.746726148605861,43.78658536585366
162,1558.5,155.0,1.6448811606198852,43.785714285714285
163,1829.5,900.0,2.393653682408596,43.769230769230774
164,1606.0,491.0,9.91754782346883,43.755102040816325
165,338.5,1090.0,1.7841241161527712,43.75
166,233.5,215.0,5.382025607773058,43.747663551401864
167,149.5,216.5,4.803901200932928,43.747126436781606
168,1433.5,925.5,8.097643889049511,43.73913043478261
169,378.0,63.0,2.4266711549775604,43.73076923076923
170,523.0,483.0,7.621781565260304,43.68780487804878
171,631.0,919.0,6.6755811781245455,43.6875
172,1080.5,366.0,1.7841241161527712,43.6875
173,1953.5,538.0,6.746726148605861,43.63803680981595
174,245.5,708.0,8.565654018541943,43.625
175,1758.5,496.5,5.201570947860099,43.613861386138616
176,1883.0,621.0,6.591608260818253,43.59615384615385
177,1289.0,248.5,2.8209479177387813,43.588235294117645
178,59.5,193.5,3.141274657157109,43.58536585365854
179,1904.0,383.0,9.981532666656284,43.576368876080686
180,1663.0,1097.5,1.6448811606198852,43.57142857142857
181,1951.5,327.5,2.111004122822376,43.57142857142857
182,1397.5,958.0,1.7841241161527712,43.5625
183,717.5,1118.5,10.092530088080641,43.54857142857143
184,669.0,1085.5,7.158763278359629,43.52747252747253
185,316.5,984.5,6.023896332520351,43.50757575757576
186,1540.0,1043.0,1.4927053303604616,43.5
187,1323.5,304.5,6.206085419025319,43.464285714285715
188,904.5,679.5,3.141274657157109,43.463414634146346
189,303.0,854.5,7.091753098990329,43.452513966480446
190,1238.0,189.5,8.234075889688375,43.405063291139236
191,1807.0,1209.5,2.072964896828013,43.400000000000006
192,17.5,261.5,4.902284814948658,43.38888888888889
193,608.0,1114.5,1.7841241161527712,43.375
194,1956.0,281.0,6.295203001483109,43.34265734265734
195,257.5,947.5,2.111004122822376,43.33333333333333
196,1589.5,237.5,5.108953969950291,43.329896907216494
197,1759.0,866.5,6.817128675830715,43.2710843373494
198,836.5,232.0,8.722159296752494,43.264150943396224
199,1173.0,64.0,2.4592453796829674,43.25925925925926
200,702.0,881.0,1.4927053303604616,43.25
201,1642.0,793.5,9.009385160867895,43.20701754385965
202,1838.0,1109.5,7.225151993843567,43.20430107526882
203,1627.0,619.0,2.6160394784772456,43.2
204,712.0,159.5,7.356132180109627,43.197916666666664
205,493.5,691.5,2.111004122822376,43.19047619047619
206,1798.5,376.5,2.111004122822376,43.19047619047619
207,81.0,1007.5,3.3138634663094946,43.15555555555556
208,526.5,1117.5,3.989422804014327,43.14516129032258
209,973.5,1226.5,9.114761669619748,43.125
210,192.5,484.5,6.050259243299904,43.11278195488722
211,1428.0,201.0,7.653039857325812,43.10144927536232
212,1755.0,1156.0,1.4927053303604616,43.08333333333333
213,429.0,851.0,9.72306722164286,43.04294478527608
214,1899.5,31.5,5.108953969950291,43.04123711340206
215,739.0,545.0,6.711247938722454,43.01851851851852
216,480.0,778.5,1.7841241161527712,43.0
217,222.5,743.0,3.2897623212397704,43.0
218,1217.5,60.5,7.858251581595959,43.0
219,178.5,448.5,6.089589620032832,42.970370370370375
220,1593.5,521.0,6.2188946904840385,42.949999999999996
221,47.0,797.0,1.4927053303604616,42.916666666666664
222,945.5,40.5,5.970821321441846,42.91538461538462
223,1309.5,1205.0,3.2897623212397704,42.88636363636364
224,1651.0,772.5,6.244434406534699,42.87943262411348
225,34.5,1123.0,2.2917489221187703,42.875
226,1927.0,967.5,1.7841241161527712,42.875
227,2023.5,933.5,2.9316150714175193,42.86111111111111
228,1928.5,349.0,11.18462271470208,42.839080459770116
229,46.0,206.0,5.808687281605183,42.806451612903224
230,1313.0,159.5,6.3078313050504,42.78472222222222
231,144.5,1114.5,4.068428945128219,42.784615384615385
232,1027.0,826.0,2.4266711549775604,42.769230769230774
233,802.0,318.0,2.5231325220201604,42.75
234,1017.5,1040.5,9.114761669619748,42.74305555555555
235,50.5,1200.5,4.787307364817192,42.735632183908045
236,1334.5,609.0,4.787307364817192,42.73255813953488
237,1206.5,472.5,2.111004122822376,42.714285714285715
238,1725.5,112.0,4.315220543813695,42.69444444444444
239,1721.0,401.5,6.141638341092643,42.693430656934304
240,1113.5,553.0,1.7841241161527712,42.6875
241,1443.5,15.5,5.890312181373172,42.68503937007874
242,1108.5,1199.5,2.111004122822376,42.666666666666664
243,423.5,623.5,2.111004122822376,42.666666666666664
244,1855.0,355.0,1.4927053303604616,42.666666666666664
245,713.5,647.5,6.050259243299904,42.65413533834586
246,1595.5,1067.5,6.089589620032832,42.65185185185185
247,1823.5,754.5,3.064333800750471,42.64102564102564
248,116.5,153.5,5.077706251929807,42.59375
249,798.0,583.0,1.4927053303604616,42.58333333333333
250,1897.5,340.5,4.029119531035698,42.57142857142857
251,970.0,888.0,5.455453634500474,42.54545454545455
252,25.0,721.5,3.9291257907979795,42.53968253968254
253,2046.0,379.0,7.54834217738561,42.53960396039604
254,1317.0,1024.5,3.6996385101659595,42.51851851851852
255,31.5,968.0,4.531113291328578,42.51282051282051
256,393.5,472.0,4.652426491681278,42.51219512195122
257,2061.5,950.5,6.089589620032832,42.50370370370371
258,696.5,901.0,4.442433223290478,42.5
259,294.5,823.0,1.7841241161527712,42.5
260,943.5,616.0,3.3377905890622728,42.5
261,886.5,81.0,1.7841241161527712,42.5
262,471.0,394.0,4.531113291328578,42.49367088607595
263,1153.5,715.5,3.141274657157109,42.487804878048784
264,1095.0,826.5,3.2654833007009834,42.47727272727273
265,1066.5,894.5,2.111004122822376,42.476190476190474
266,981.5,791.0,1.7841241161527712,42.4375
267,1048.5,590.0,1.7841241161527712,42.4375
268,380.0,94.5,1.7841241161527712,42.4375
269,1217.5,641.5,2.111004122822376,42.42857142857142
270,678.5,226.0,4.8369180925986965,42.409090909090914
271,1796.0,765.0,2.5231325220201604,42.39285714285714
272,1143.5,210.0,5.794971353888639,42.38211382113822
273,1011.5,398.0,5.613615477764332,42.37931034482759
274,114.5,1137.0,1.7841241161527712,42.375
275,443.0,449.0,2.7057581899030048,42.375
276,1120.5,713.5,4.029119531035698,42.34920634920635
277,315.0,104.0,2.4266711549775604,42.34615384615385
278,915.5,397.0,5.863230142835039,42.33333333333333
279,1347.0,228.0,1.4927053303604616,42.33333333333333
280,773.5,290.5,6.023896332520351,42.303030303030305
281,30.0,143.0,4.296739856991561,42.29577464788733
282,375.5,673.5,4.222008245644752,42.289855072463766
283,35.0,706.0,4.531113291328578,42.28205128205128
284,1682.5,628.5,3.064333800750471,42.28205128205128
285,1343.0,143.0,6.3078313050504,42.263888888888886
286,1929.0,1206.5,1.7841241161527712,42.25
287,438.0,505.0,1.4927053303604616,42.25
288,341.0,773.5,4.753945931439391,42.23529411764706
289,594.0,564.5,3.361547405514991,42.21739130434783
290,1507.5,872.5,2.985410660720923,42.21621621621622
291,489.0,83.5,1.7841241161527712,42.1875
292,723.0,633.5,3.2654833007009834,42.18181818181818
293,1216.5,983.5,1.8712051592547776,42.1764705882353
294,1714.0,873.0,1.4927053303604616,42.166666666666664
295,1852.0,294.0,2.5231325220201604,42.14285714285714
296,1438.5,1078.5,5.170882945826411,42.12
297,1364.5,369.0,4.278179338873952,42.098591549295776
298,2067.0,371.5,2.8209479177387813,42.088235294117645
299,740.0,396.5,1.6448811606198852,42.07142857142857
300,183.0,16.0,4.3336224206596095,42.05555555555555
301,431.5,1011.5,2.111004122822376,42.047619047619044
302,1580.5,1225.5,4.886025119029199,42.03333333333333
303,106.0,283.0,2.849017742606504,42.028571428571425
304,1660.5,947.5,3.064333800750471,42.02564102564102
305,52.0,686.0,1.4927053303604616,42.0
306,988.5,340.5,4.029119531035698,42.0
307,1982.0,378.0,4.460310290381928,41.98684210526316
308,1689.0,740.5,4.3336224206596095,41.986301369863014
309,457.0,143.5,3.385137501286538,41.95744680851064
310,71.5,1048.5,4.0488219445247555,41.95384615384616
311,536.5,399.5,4.087941905733129,41.93846153846154
312,259.5,1115.0,4.222008245644752,41.927536231884055
313,664.5,146.0,3.656366395715726,41.92452830188679
314,1109.5,618.5,3.0119481662601757,41.921052631578945
315,145.5,697.5,2.111004122822376,41.904761904761905
316,555.0,636.0,5.484549593573589,41.88288288288288
317,409.5,827.0,1.7841241161527712,41.875
318,1294.5,997.5,3.888408362521876,41.86440677966102
319,1352.5,330.5,3.0119481662601757,41.84210526315789
320,966.5,428.5,3.6996385101659595,41.83333333333333
321,855.5,577.0,1.7841241161527712,41.8125
322,434.0,190.5,2.7350104799285653,41.8125
323,1531.0,494.0,3.634537147509613,41.79245283018868
324,2078.5,324.5,3.826519928662906,41.78947368421053
325,2021.5,491.5,1.8712051592547776,41.76470588235294
326,1288.5,32.5,3.141274657157109,41.75609756097561
327,1342.0,478.5,1.7841241161527712,41.75
328,1183.0,713.0,3.634537147509613,41.73584905660377
329,1892.0,281.0,3.5682482323055424,41.72549019607843
330,1438.5,738.5,4.0488219445247555,41.71875
331,2032.5,208.5,3.989422804014327,41.70967741935484
332,1434.5,126.5,3.989422804014327,41.693548387096776
333,1982.0,173.0,4.478115991081385,41.671052631578945
334,1428.5,1170.0,4.165079686754695,41.656716417910445
335,517.5,64.0,4.406461512053774,41.61333333333334
336,1228.5,648.5,2.9316150714175193,41.61111111111111
337,1030.5,843.5,3.141274657157109,41.609756097560975
338,636.0,1028.0,3.5682482323055424,41.6078431372549
339,620.0,340.0,5.613615477764332,41.60344827586207
340,733.5,524.5,3.6996385101659595,41.59259259259259
341,1401.5,858.5,5.903806614136771,41.58267716535433
342,1944.5,916.5,3.949327084834294,41.57377049180328
343,380.5,1041.5,2.111004122822376,41.57142857142857
344,1579.0,1031.0,3.454941494713355,41.5625
345,1012.5,1012.0,3.2410224072142872,41.53488372093023
346,1263.5,952.5,3.989422804014327,41.53225806451613
347,644.0,1147.0,3.6780660900548137,41.5
348,1065.0,514.0,3.523362819972964,41.5
349,347.0,618.5,4.787307364817192,41.48837209302326
350,914.5,479.5,4.029119531035698,41.476190476190474
351,423.5,943.5,4.787307364817192,41.45977011494253
352,22.5,1039.5,2.111004122822376,41.42857142857142
353,239.5,784.0,5.170882945826411,41.42156862745098
354,1756.5,696.5,5.890312181373172,41.41732283464567
355,838.0,1020.5,4.315220543813695,41.416666666666664
356,6.5,279.0,1.4927053303604616,41.416666666666664
357,286.5,464.0,3.826519928662906,41.39655172413793
358,398.5,207.0,3.721085869607808,41.36363636363636
359,484.5,394.5,4.0488219445247555,41.359375
360,530.0,968.0,2.5231325220201604,41.357142857142854
361,1266.0,208.0,5.046265044040321,41.291666666666664
362,416.5,927.0,1.6448811606198852,41.285714285714285
363,748.0,619.0,2.5231325220201604,41.285714285714285
364,573.0,667.0,2.7057581899030048,41.28125
365,25.5,1118.5,5.201570947860099,41.247619047619054
366,1599.0,290.5,3.9088200952233594,41.233333333333334
367,1504.0,772.5,3.826519928662906,41.224137931034484
368,1376.5,142.5,4.918490759365935,41.223404255319146
369,551.5,328.0,3.826519928662906,41.189655172413794
370,1234.0,19.0,3.523362819972964,41.14
371,79.5,929.0,1.7841241161527712,41.125
372,906.5,225.0,1.7841241161527712,41.125
373,1262.0,801.5,3.3138634663094946,41.08888888888889
374,571.0,989.5,1.7841241161527712,41.0625
375,936.0,421.0,3.477898169151024,41.06122448979591
376,777.5,685.0,1.7841241161527712,41.0
377,178.0,571.0,2.7057581899030048,41.0
378,775.0,116.0,4.669499673796933,41.0
379,1990.0,363.0,4.703460118867115,40.988095238095234
380,497.0,628.5,2.8209479177387813,40.970588235294116
381,1468.5,679.5,5.124506377219443,40.92857142857142
382,1044.0,212.0,1.4927053303604616,40.916666666666664
383,1158.0,1237.0,4.370193722368317,40.90540540540541
384,662.5,490.5,2.111004122822376,40.904761904761905
385,654.0,1048.0,2.7057581899030048,40.875
386,186.5,626.5,4.126691036512523,40.86363636363637
387,2026.5,849.5,2.111004122822376,40.857142857142854
388,1501.0,552.0,2.5231325220201604,40.857142857142854
389,1938.0,380.0,6.746726148605861,40.83832335329342
390,944.0,908.0,4.583497844237541,40.837500000000006
391,1054.0,540.5,2.221216611645239,40.826086956521735
392,454.0,231.5,3.9088200952233594,40.8
393,379.5,915.5,2.111004122822376,40.76190476190476
394,1948.0,524.0,3.523362819972964,40.74
395,891.0,1098.0,5.767441643068972,40.72950819672131
396,758.0,866.5,1.7841241161527712,40.6875
397,1328.5,916.5,1.8712051592547776,40.64705882352941
398,1117.5,749.0,5.836022431559495,40.63779527559055
399,258.5,88.5,4.029119531035698,40.63492063492063
400,149.0,1165.0,1.4927053303604616,40.58333333333333
401,1434.0,263.5,5.170882945826411,40.58
402,583.0,71.0,3.805666803775979,40.56896551724138
403,1909.5,324.5,1.738949084575512,40.53333333333333
404,2022.5,1126.5,1.8712051592547776,40.529411764705884
405,856.0,723.0,4.61809077155419,40.50617283950617
406,2083.0,1135.0,1.4927053303604616,40.5
407,929.0,878.0,4.370193722368317,40.465753424657535
408,352.5,857.5,2.111004122822376,40.42857142857142
409,276.0,404.0,1.4927053303604616,40.416666666666664
410,1558.5,836.5,4.029119531035698,40.40625
411,1114.0,576.5,4.886025119029199,40.38888888888889
412,914.0,145.0,5.322553886092406,40.352380952380955
413,575.0,86.0,3.6780660900548137,40.33333333333333
414,126.0,785.5,1.7841241161527712,40.3125
415,619.0,277.5,1.7841241161527712,40.3125
416,474.5,184.0,3.2410224072142872,40.30232558139535
417,750.0,1084.5,1.7841241161527712,40.25
418,815.0,838.0,3.454941494713355,40.25
419,931.0,293.0,1.4927053303604616,40.25
420,1819.5,1171.5,2.111004122822376,40.238095238095234
421,1275.5,384.5,1.8712051592547776,40.23529411764706
422,1211.5,254.5,4.145929793656026,40.223880597014926
423,1457.0,131.5,1.6448811606198852,40.214285714285715
424,1480.5,1120.5,2.111004122822376,40.19047619047619
425,1029.5,522.0,1.7841241161527712,40.1875
426,1789.0,948.0,1.4927053303604616,40.166666666666664
427,934.0,947.0,1.4927053303604616,40.166666666666664
428,452.0,908.0,5.822370898403305,40.166666666666664
429,442.0,313.0,3.634537147509613,40.11320754716981
430,1602.5,1223.0,3.721085869607808,40.10909090909091
431,750.5,556.5,1.8712051592547776,40.05882352941176
432,699.0,235.0,3.6780660900548137,40.01851851851852
433,880.0,256.5,3.7846987830302403,40.01754385964912
434,782.5,879.5,1.8712051592547776,40.0
435,1660.0,806.5,3.826519928662906,39.98275862068965
436,679.0,606.5,3.1158388162107515,39.975
437,1656.5,1179.5,1.8712051592547776,39.94117647058823
438,50.5,1174.5,1.8712051592547776,39.94117647058823
439,819.5,310.5,4.1073621666150775,39.93939393939394
440,1185.0,1023.5,1.7841241161527712,39.9375
441,464.0,264.0,1.4927053303604616,39.916666666666664
442,811.5,413.5,2.676186174229157,39.87878787878788
443,1111.0,141.5,1.6448811606198852,39.857142857142854
444,136.5,1048.5,1.8712051592547776,39.8235294117647
445,911.5,1073.0,1.7841241161527712,39.8125
446,19.5,368.0,1.7841241161527712,39.8125
447,1595.0,216.5,1.7841241161527712,39.8125
448,1797.5,1201.5,1.8712051592547776,39.76470588235294
449,1255.0,997.0,1.4927053303604616,39.75
450,716.0,680.0,2.7057581899030048,39.75
451,1382.5,597.0,1.7841241161527712,39.75
452,57.5,109.0,1.7841241161527712,39.75
453,535.0,651.0,3.6780660900548137,39.68518518518518
454,1049.0,357.5,1.9947114020071635,39.63157894736842
455,224.5,985.0,1.7841241161527712,39.5
456,804.0,1002.0,3.523362819972964,39.480000000000004
457,1332.0,393.0,3.500704303147574,39.46938775510204
458,541.0,627.0,3.6780660900548137,39.46296296296296
459,644.0,902.0,3.385137501286538,39.45652173913043
460,339.5,902.0,1.7841241161527712,39.4375
461,1108.0,526.0,3.742410318509555,39.42857142857142
462,1332.5,964.5,4.8369180925986965,39.42696629213483
463,2089.5,636.0,1.7841241161527712,39.375
464,69.5,138.0,1.7841241161527712,39.375
465,694.0,1032.0,1.4927053303604616,39.33333333333333
466,516.0,679.5,1.7841241161527712,39.3125
467,577.5,252.5,2.111004122822376,39.285714285714285
468,254.5,974.0,1.7841241161527712,39.25
469,1829.0,354.0,3.742410318509555,39.25
470,411.0,158.0,1.4927053303604616,39.25
471,256.5,221.5,2.111004122822376,39.238095238095234
472,956.5,894.5,1.8712051592547776,39.23529411764706
473,939.5,430.5,1.9947114020071635,39.21052631578947
474,1606.5,364.5,3.9694255713009206,39.20967741935484
475,779.0,963.0,3.141274657157109,39.2
476,1688.5,294.5,1.8712051592547776,39.1764705882353
477,21.5,166.5,1.8712051592547776,39.1764705882353
478,1501.5,663.5,2.111004122822376,39.14285714285714
479,1607.0,329.0,2.985410660720923,39.13157894736842
480,1226.5,1183.0,1.7841241161527712,39.125
481,58.5,1106.0,1.7841241161527712,39.125
482,1440.5,1198.0,3.826519928662906,39.10344827586207
483,1649.0,202.0,3.805666803775979,39.10344827586207
484,679.0,439.0,1.4927053303604616,39.08333333333333
485,747.0,129.0,1.4927053303604616,39.08333333333333
486,1273.0,1179.5,3.826519928662906,39.05172413793103
487,220.0,535.5,4.222008245644752,39.04347826086956
488,1137.0,953.0,4.478115991081385,39.01315789473684
489,1289.5,1126.0,1.6448811606198852,39.0
490,230.0,532.0,1.4927053303604616,39.0
491,689.0,432.5,1.7841241161527712,39.0
492,1641.5,930.5,2.111004122822376,38.95238095238095
493,1239.5,1114.5,1.9947114020071635,38.94736842105263
494,93.5,185.0,1.7841241161527712,38.9375
495,1506.5,244.5,1.738949084575512,38.93333333333333
496,998.5,688.5,2.4592453796829674,38.89655172413793
497,198.0,221.5,1.7841241161527712,38.875
498,920.5,1045.5,1.738949084575512,38.86666666666667
499,738.0,226.0,1.4927053303604616,38.83333333333333
500,1009.0,970.5,1.7841241161527712,38.75
501,1384.5,908.0,2.111004122822376,38.72727272727273
502,1823.5,318.0,1.7841241161527712,38.6875
503,1714.5,1106.5,2.111004122822376,38.61904761904762
504,12.0,642.0,1.4927053303604616,38.58333333333333
505,583.0,1019.0,3.523362819972964,38.58
506,1573.5,604.5,2.111004122822376,38.57142857142857
507,523.5,260.0,1.7841241161527712,38.5625
508,824.5,559.0,1.6448811606198852,38.5
509,1887.0,348.0,3.500704303147574,38.44897959183673
510,80.0,188.0,1.4927053303604616,38.416666666666664
511,39.0,24.0,1.4927053303604616,38.416666666666664
512,709.5,843.5,2.111004122822376,38.38095238095238
513,239.5,1131.5,1.738949084575512,38.333333333333336
514,1064.5,906.0,1.7841241161527712,38.3125
515,361.5,1155.5,1.8712051592547776,38.294117647058826
516,1701.5,555.5,2.111004122822376,38.285714285714285
517,147.0,1033.5,1.1283791670955126,38.25
518,1248.5,406.5,1.8712051592547776,38.23529411764706
519,1543.5,346.5,1.8712051592547776,38.23529411764706
520,703.5,345.5,1.8712051592547776,38.23529411764706
521,25.0,431.0,1.4927053303604616,38.166666666666664
522,1106.5,434.0,1.7841241161527712,38.125
523,1571.5,343.5,1.738949084575512,38.06666666666666
524,2056.5,405.5,1.8712051592547776,37.94117647058823
525,1091.0,362.5,1.7841241161527712,37.9375
526,1943.0,640.5,1.7841241161527712,37.875
527,1742.5,1122.5,2.4913937425834396,37.82758620689655
528,492.5,659.0,1.7841241161527712,37.8125
529,501.5,70.0,1.7841241161527712,37.8125
530,1513.5,1198.5,1.738949084575512,37.8
531,1152.0,567.5,1.1283791670955126,37.75
532,2080.0,480.0,1.4927053303604616,37.75
533,117.0,294.5,1.7841241161527712,37.75
534,802.0,219.5,1.7841241161527712,37.75
535,1047.5,960.5,1.738949084575512,37.733333333333334
536,1124.0,866.5,1.7841241161527712,37.6875
537,1651.0,328.5,1.7841241161527712,37.6875
538,12.0,238.0,1.4927053303604616,37.666666666666664
539,1067.5,816.5,1.8712051592547776,37.64705882352941
540,976.5,322.5,1.8712051592547776,37.588235294117645
541,384.5,648.5,1.8712051592547776,37.529411764705884
542,1048.5,143.0,1.7841241161527712,37.5
543,1362.0,958.0,1.4927053303604616,37.416666666666664
544,434.5,1088.0,1.1283791670955126,37.375
545,336.5,307.0,1.7841241161527712,37.375
546,203.0,438.0,1.4927053303604616,37.33333333333333
547,1957.0,167.0,1.4927053303604616,37.33333333333333
548,487.0,95.0,1.4927053303604616,37.33333333333333
549,1950.5,900.5,1.8712051592547776,37.294117647058826
550,52.5,1130.0,1.7841241161527712,37.25
551,304.0,812.0,1.4927053303604616,37.25
552,329.0,795.0,1.4927053303604616,37.25
553,1739.5,748.0,1.7841241161527712,37.25
554,108.0,862.0,1.4927053303604616,37.166666666666664
555,732.0,484.0,1.4927053303604616,37.166666666666664
556,1301.0,351.5,1.6448811606198852,37.14285714285714
557,1687.0,981.0,1.4927053303604616,37.08333333333333
558,732.0,1171.5,1.381976597885342,37.0
559,1354.0,1111.0,1.4927053303604616,37.0
560,495.0,868.0,1.4927053303604616,37.0
561,1391.0,729.0,1.4927053303604616,37.0
562,728.0,700.0,1.4927053303604616,37.0
563,1423.0,937.5,1.6448811606198852,36.92857142857142
564,601.5,694.0,1.7841241161527712,36.875
565,875.5,25.0,1.7841241161527712,36.875
566,1306.0,734.5,1.6448811606198852,36.857142857142854
567,258.0,854.0,1.4927053303604616,36.83333333333333
568,45.0,620.0,1.4927053303604616,36.83333333333333
569,992.5,52.5,2.111004122822376,36.76190476190476
570,256.0,964.0,1.4927053303604616,36.75
571,1654.0,852.5,1.7841241161527712,36.75
572,1166.5,1089.0,1.7841241161527712,36.6875
573,1538.5,556.0,1.7841241161527712,36.6875
574,607.0,876.0,1.4927053303604616,36.666666666666664
575,1491.5,403.0,1.7841241161527712,36.625
576,985.5,891.5,1.8712051592547776,36.588235294117645
577,442.5,252.5,2.111004122822376,36.52380952380952
578,984.0,658.0,1.4927053303604616,36.5
579,507.5,595.0,1.6448811606198852,36.5
580,1395.5,250.0,1.6448811606198852,36.5
581,975.0,178.0,1.4927053303604616,36.5
582,907.0,1094.0,1.4927053303604616,36.416666666666664
583,789.0,978.5,1.7841241161527712,36.375
584,1478.0,863.5,1.7841241161527712,36.375
585,458.5,88.5,1.8712051592547776,36.35294117647059
586,1989.5,1114.5,2.111004122822376,36.33333333333333
587,22.0,947.0,1.4927053303604616,36.33333333333333
588,251.5,560.5,2.111004122822376,36.285714285714285
589,129.5,796.5,2.393653682408596,36.25
590,1136.0,26.5,1.7841241161527712,36.1875
591,569.5,1173.0,1.6448811606198852,36.14285714285714
592,55.0,964.0,1.4927053303604616,36.08333333333333
593,1586.0,1176.5,1.6448811606198852,36.07142857142857
594,382.0,505.5,1.7841241161527712,36.0625
595,1106.5,1053.5,1.8712051592547776,36.05882352941176
596,220.0,773.0,1.4927053303604616,36.0
597,910.5,735.0,1.7841241161527712,35.9375
598,1106.5,504.0,1.7841241161527712,35.9375
599,577.0,1190.0,1.4927053303604616,35.83333333333333
600,998.0,1161.0,1.4927053303604616,35.83333333333333
601,1000.5,1015.0,1.7841241161527712,35.8125
602,1626.0,1217.5,1.7841241161527712,35.75
603,148.0,415.0,1.4927053303604616,35.75
604,848.0,246.0,1.4927053303604616,35.75
605,7.0,818.0,1.4927053303604616,35.666666666666664
606,1766.5,851.0,1.7841241161527712,35.625
607,88.0,674.0,1.4927053303604616,35.5
608,1344.0,337.0,1.3231418571003069,35.5
609,328.5,51.5,1.5957691216057308,35.38461538461539
610,134.5,322.0,1.7841241161527712,35.375
611,774.5,251.0,1.7841241161527712,35.375
612,634.5,650.5,1.738949084575512,35.333333333333336
613,1634.5,548.5,1.738949084575512,35.333333333333336
614,814.0,1199.0,1.4927053303604616,35.33333333333333
615,169.0,1102.0,1.4927053303604616,35.33333333333333
616,966.0,207.0,1.4927053303604616,35.33333333333333
617,1621.5,1201.0,1.1283791670955126,35.25
618,1230.5,421.0,1.7841241161527712,35.25
619,1054.0,459.0,1.4927053303604616,35.166666666666664
620,1690.0,94.5,1.1283791670955126,35.125
621,1972.0,472.0,1.4927053303604616,35.08333333333333
622,933.0,390.0,1.4927053303604616,35.08333333333333
623,90.5,1120.0,1.1283791670955126,35.0
624,502.5,872.0,1.4927053303604616,35.0
625,139.0,594.0,1.4927053303604616,35.0
626,195.0,334.0,1.4927053303604616,35.0
627,629.0,1060.0,1.4927053303604616,34.83333333333333
628,798.5,670.5,1.5957691216057308,34.769230769230774
629,925.0,905.0,1.4927053303604616,34.75
630,1848.0,361.0,1.4927053303604616,34.75
631,156.0,12.5,1.6448811606198852,34.714285714285715
632,238.0,1114.0,1.4927053303604616,34.666666666666664
633,1767.5,548.0,1.4927053303604616,34.666666666666664
634,953.0,495.0,1.4927053303604616,34.666666666666664
635,453.0,221.0,1.4927053303604616,34.666666666666664
636,739.0,63.0,1.4927053303604616,34.666666666666664
637,1188.0,1096.5,1.1283791670955126,34.625
638,1728.0,1016.0,1.3231418571003069,34.6
639,1514.0,228.0,1.4927053303604616,34.58333333333333
640,414.0,215.0,1.4927053303604616,34.58333333333333
641,1820.5,842.0,1.1283791670955126,34.5
642,1781.0,745.5,1.1283791670955126,34.5
643,1821.5,204.0,1.1283791670955126,34.5
644,2063.5,72.0,1.1283791670955126,34.5
645,1234.0,1230.0,1.4927053303604616,34.416666666666664
646,1734.0,408.0,1.4927053303604616,34.416666666666664
647,951.0,1007.0,1.3231418571003069,34.4
648,336.0,341.0,1.3231418571003069,34.4
649,2026.5,1071.0,1.1283791670955126,34.375
650,1422.5,363.0,1.1283791670955126,34.375
651,1679.0,1168.0,1.4927053303604616,34.33333333333333
652,1190.0,815.0,3.6780660900548137,34.33333333333333
653,216.0,503.0,1.4927053303604616,34.25
654,1883.0,53.0,1.4927053303604616,34.166666666666664
655,481.0,1154.0,1.4927053303604616,34.08333333333333
656,71.0,251.0,1.4927053303604616,34.08333333333333
657,920.0,159.5,1.6448811606198852,34.07142857142857
658,372.0,1235.5,1.1283791670955126,34.0
659,1859.0,715.0,1.4927053303604616,34.0
660,296.5,978.0,1.7841241161527712,33.9375
661,319.0,1222.0,1.4927053303604616,33.916666666666664
662,336.0,1031.0,1.3231418571003069,33.9
663,1635.5,961.0,1.6448811606198852,33.857142857142854
664,1092.0,314.0,1.4927053303604616,33.83333333333333
665,877.0,201.0,1.4927053303604616,33.83333333333333
666,1512.0,94.0,1.4927053303604616,33.83333333333333
667,355.0,238.0,1.3231418571003069,33.800000000000004
668,327.0,513.5,1.6448811606198852,33.785714285714285
669,1239.0,806.0,1.4927053303604616,33.666666666666664
670,213.0,249.0,1.4927053303604616,33.666666666666664
671,1284.0,321.0,1.4927053303604616,33.58333333333333
672,1019.0,254.0,1.4927053303604616,33.58333333333333
673,83.0,160.0,1.4927053303604616,33.58333333333333
674,390.5,133.0,1.6448811606198852,33.42857142857142
675,835.0,82.0,1.4927053303604616,33.416666666666664
676,744.0,1216.0,1.4927053303604616,33.33333333333333
677,1041.0,215.0,1.3231418571003069,33.300000000000004
678,1565.5,906.0,1.1283791670955126,33.25
679,1314.5,342.0,1.1283791670955126,33.25
680,1856.0,838.0,1.4927053303604616,33.166666666666664
681,1096.0,86.0,1.4927053303604616,33.166666666666664
682,1335.5,1044.0,1.1283791670955126,33.125
683,687.0,1042.5,1.7841241161527712,33.0625
684,1684.0,1147.0,1.4927053303604616,33.0
685,1066.5,443.0,1.7841241161527712,33.0
686,538.0,96.0,1.4927053303604616,33.0
687,695.5,1153.5,4.460310290381928,32.9873417721519
688,1856.0,631.0,1.4927053303604616,32.916666666666664
689,1611.0,1188.0,1.4927053303604616,32.83333333333333
690,1537.0,460.0,1.3231418571003069,32.800000000000004
691,1635.0,988.5,1.1283791670955126,32.75
692,953.0,562.0,1.4927053303604616,32.75
693,1355.0,1019.0,1.4927053303604616,32.58333333333333
694,1536.0,952.0,1.4927053303604616,32.58333333333333
695,1112.0,1206.5,1.1283791670955126,32.5
696,580.0,1063.0,1.4927053303604616,32.5
697,1564.0,285.0,1.4927053303604616,32.5
698,1486.0,154.0,1.4927053303604616,32.416666666666664
699,1561.0,745.5,1.1283791670955126,32.375
700,799.0,810.0,1.4927053303604616,32.33333333333333
701,509.0,703.0,1.4927053303604616,32.33333333333333
702,868.0,464.0,1.4927053303604616,32.33333333333333
703,408.0,749.0,1.3231418571003069,32.1
704,708.0,60.0,1.4927053303604616,32.0
705,782.0,355.0,1.4927053303604616,31.833333333333332
706,1338.0,952.0,1.8712051592547776,31.777777777777775
707,526.0,693.0,1.4927053303604616,31.75
708,248.0,203.0,1.4927053303604616,31.75
709,503.0,819.5,1.1283791670955126,31.625
710,373.0,857.0,1.4927053303604616,31.5
711,1352.0,734.0,1.4927053303604616,31.333333333333332
712,2096.5,8.0,1.4927053303604616,31.25
713,1935.0,1095.0,1.4927053303604616,31.166666666666664
714,1473.0,1075.0,1.4927053303604616,31.083333333333332
715,578.0,818.0,1.4927053303604616,31.083333333333332
716,1469.0,396.0,1.4927053303604616,31.0
717,1958.0,245.0,1.4927053303604616,30.916666666666664
718,1338.0,383.0,1.4927053303604616,30.833333333333332
719,2097.5,30.0,1.5957691216057308,29.125
